<?xml version="1.0" encoding="UTF-8"?>
<project-private xmlns="http://www.netbeans.org/ns/project-private/1">
    <editor-bookmarks xmlns="http://www.netbeans.org/ns/editor-bookmarks/2" lastBookmarkId="0"/>
    <open-files xmlns="http://www.netbeans.org/ns/projectui-open-files/2">
        <group>
            <file>file:/Users/fredy/Documents/GitHub/POO-2019P/RentACar/src/modelo/ListaGenerica.java</file>
            <file>file:/Users/fredy/Documents/GitHub/POO-2019P/RentACar/src/modelo/TipoVehiculo.java</file>
            <file>file:/Users/fredy/Documents/GitHub/POO-2019P/RentACar/src/modelo/Marca.java</file>
            <file>file:/Users/fredy/Documents/GitHub/POO-2019P/RentACar/src/modelo/Vehiculo.java</file>
            <file>file:/Users/fredy/Documents/GitHub/POO-2019P/RentACar/src/modelo/TipoCarroceria.java</file>
            <file>file:/Users/fredy/Documents/GitHub/POO-2019P/RentACar/src/modelo/Color.java</file>
            <file>file:/Users/fredy/Documents/GitHub/POO-2019P/RentACar/src/datos/Operacion.java</file>
            <file>file:/Users/fredy/Documents/GitHub/POO-2019P/RentACar/src/vista/vehiculo/AgregarVehiculo.java</file>
            <file>file:/Users/fredy/Documents/GitHub/POO-2019P/RentACar/src/modelo/EstadoVehiculo.java</file>
        </group>
    </open-files>
</project-private>
